Workbook

Sheet BBG
A1: Start Date | B1: 46023 | AH1: Q
A2: End Date | AC2: =K7/L7 -> 1.1249579 | AD2: 1 | AE2: 0 | AF2: 0 | AH2: {=MMULT(MINVERSE(AC2:AF5),AJ2:AJ5)} -> 0.45498591 | AJ2: 0
AC3: 0 | AD3: 0 | AE3: =M8/N8 -> 1.658519 | AF3: 1 | AH3: -0.51184002 | AJ3: 0
A4: Maturity | B4: 46388 | C4: 46753 | D4: 47849 | E4: 49310 | F4: CDI | AC4: =O7 -> -763.99691 | AD4: =P7 -> -1371.3859 | AE4: =Q7 -> -2334.4253 | AF4: =R7 -> -2521.7291 | AH4: -0.19174219 | AJ4: 0
B5: ODF27 Comdty | C5: ODF28 Comdty | D5: ODF31 Comdty | E5: ODF35 Comdty | F5: BZDIOVER Index | G5: DU | K5: PU | O5: DV01 | S5: PnL | W5: FRA Spread | AC5: =O7 -> -763.99691 | AD5: =-P7 -> 1371.3859 | AE5: =Q7 -> -2334.4253 | AF5: =-R7 -> 2521.7291 | AH5: 0.31800807 | AJ5: 200
A6: Dates | B6: =_xll.BFieldInfo("PX_LAST") -> Last Price | C6: =_xll.BFieldInfo("PX_LAST") -> Last Price | D6: =_xll.BFieldInfo("PX_LAST") -> Last Price | E6: =_xll.BFieldInfo("PX_LAST") -> Last Price | G6: ODF27 Comdty | H6: ODF28 Comdty | I6: ODF31 Comdty | J6: ODF35 Comdty | K6: ODF27 Comdty | L6: ODF28 Comdty | M6: ODF31 Comdty | N6: ODF35 Comdty | O6: ODF27 Comdty | P6: ODF28 Comdty | Q6: ODF31 Comdty | R6: ODF35 Comdty | S6: ODF27 Comdty | T6: ODF28 Comdty | U6: ODF31 Comdty | V6: ODF35 Comdty | W6: FRA 1y1y | X6: FRA 5y5y | Y6: Spread | Z6: Spread PnL | AA6: Spread Change
A7: {=_xll.BDH(B$5,"PX_LAST",$B1,$B2,"Dir=V","CDR=5D","Days=A","Dts=S")} -> 46023 | B7: 13.812 | C7: {=_xll.BDH(C$5,"PX_LAST",$B1,$B2,"Dir=V","CDR=5D","Days=A","Dts=H")} -> 13.176 | D7: {=_xll.BDH(D$5,"PX_LAST",$B1,$B2,"Dir=V","CDR=5D","Days=A","Dts=H")} -> 13.474 | E7: {=_xll.BDH(E$5,"PX_LAST",$B1,$B2,"Dir=V","CDR=5D","Days=A","Dts=H")} -> 13.579 | F7: {=_xll.BDH(F$5,"PX_LAST",$B1,$B2,"Dir=V","CDR=5D","Days=A","Dts=H")} -> 0.055131 | G7: =NETWORKDAYS($A7,B$4,Feriados!$A$2:$A$1265) -> 249 | H7: =NETWORKDAYS($A7,C$4,Feriados!$A$2:$A$1265) -> 500 | I7: =NETWORKDAYS($A7,D$4,Feriados!$A$2:$A$1265) -> 1249 | J7: =NETWORKDAYS($A7,E$4,Feriados!$A$2:$A$1265) -> 2252 | K7: =100000/((1+B7/100)^(G7/252)) -> 87999.631 | L7: =100000/((1+C7/100)^(H7/252)) -> 78224.818 | M7: =100000/((1+D7/100)^(I7/252)) -> 53445.907 | N7: =100000/((1+E7/100)^(J7/252)) -> 32050.043 | O7: =(-(G7/252)*K7/(1+B7/100))/100 -> -763.99691 | P7: =(-(H7/252)*L7/(1+C7/100))/100 -> -1371.3859 | Q7: =(-(I7/252)*M7/(1+D7/100))/100 -> -2334.4253 | R7: =(-(J7/252)*N7/(1+E7/100))/100 -> -2521.7291 | W7: =100*((((1+C7/100)^(H7/252))/((1+B7/100)^(G7/252)))^(252/(H7-G7))-1) -> 12.548579 | X7: =100*((((1+E7/100)^(J7/252))/((1+D7/100)^(I7/252)))^(252/(J7-I7))-1) -> 13.709889 | Y7: =W7-X7 -> -1.1613091
A8: 46024 | B8: 13.704 | C8: 13.043 | D8: 13.323 | E8: 13.426 | F8: 0.055131 | G8: =NETWORKDAYS($A8,B$4,Feriados!$A$2:$A$1265) -> 249 | H8: =NETWORKDAYS($A8,C$4,Feriados!$A$2:$A$1265) -> 500 | I8: =NETWORKDAYS($A8,D$4,Feriados!$A$2:$A$1265) -> 1249 | J8: =NETWORKDAYS($A8,E$4,Feriados!$A$2:$A$1265) -> 2252 | K8: =100000/((1+B8/100)^(G8/252)) -> 88082.22 | L8: =100000/((1+C8/100)^(H8/252)) -> 78407.533 | M8: =100000/((1+D8/100)^(I8/252)) -> 53799.806 | N8: =100000/((1+E8/100)^(J8/252)) -> 32438.463 | O8: =(-(G8/252)*K8/(1+B8/100))/10000 -> -7.6544029 | P8: =(-(H8/252)*L8/(1+C8/100))/10000 -> -13.762064 | Q8: =(-(I8/252)*M8/(1+D8/100))/10000 -> -23.530142 | R8: =(-(J8/252)*N8/(1+E8/100))/10000 -> -25.557331 | S8: =K8-K7*(1+$F7/100) -> 34.074495 | T8: =L8-L7*(1+$F7/100) -> 139.58852 | U8: =M8-M7*(1+$F7/100) -> 324.43425 | V8: =N8-N7*(1+$F7/100) -> 370.74995 | W8: =100*((((1+C8/100)^(H8/252))/((1+B8/100)^(G8/252)))^(252/(H8-G8))-1) -> 12.391064 | X8: =100*((((1+E8/100)^(J8/252))/((1+D8/100)^(I8/252)))^(252/(J8-I8))-1) -> 13.554393 | Y8: =W8-X8 -> -1.1633293 | Z8: {=SUMPRODUCT(S8:V8,TRANSPOSE($AH$2:$AH$5))} -> -0.24983148 | AA8: =Y8-Y7 -> -0.002020204
A9: 46027 | B9: 13.701 | C9: 12.995 | D9: 13.317 | E9: 13.48 | F9: 0.055131 | G9: =NETWORKDAYS($A9,B$4,Feriados!$A$2:$A$1265) -> 248 | H9: =NETWORKDAYS($A9,C$4,Feriados!$A$2:$A$1265) -> 499 | I9: =NETWORKDAYS($A9,D$4,Feriados!$A$2:$A$1265) -> 1248 | J9: =NETWORKDAYS($A9,E$4,Feriados!$A$2:$A$1265) -> 2251 | K9: =100000/((1+B9/100)^(G9/252)) -> 88129.41 | L9: =100000/((1+C9/100)^(H9/252)) -> 78511.687 | M9: =100000/((1+D9/100)^(I9/252)) -> 53840.631 | N9: =100000/((1+E9/100)^(J9/252)) -> 32316.992 | O9: =(-(G9/252)*K9/(1+B9/100))/10000 -> -7.6279479 | P9: =(-(H9/252)*L9/(1+C9/100))/10000 -> -13.758627 | Q9: =(-(I9/252)*M9/(1+D9/100))/10000 -> -23.530389 | R9: =(-(J9/252)*N9/(1+E9/100))/10000 -> -25.438211 | S9: =K9-K8*(1+$F8/100) -> -1.3709305 | T9: =L9-L8*(1+$F8/100) -> 60.927345 | U9: =M9-M8*(1+$F8/100) -> 11.16404 | V9: =N9-N8*(1+$F8/100) -> -139.35441 | W9: =100*((((1+C9/100)^(H9/252))/((1+B9/100)^(G9/252)))^(252/(H9-G9))-1) -> 12.301744 | X9: =100*((((1+E9/100)^(J9/252))/((1+D9/100)^(I9/252)))^(252/(J9-I9))-1) -> 13.683143 | Y9: =W9-X9 -> -1.3813991 | Z9: {=SUMPRODUCT(S9:V9,TRANSPOSE($AH$2:$AH$5))} -> -78.265251 | AA9: =Y9-Y8 -> -0.21806985
A10: 46028 | B10: 13.728 | C10: 12.987 | D10: 13.305 | E10: 13.51 | F10: 0.055131 | G10: =NETWORKDAYS($A10,B$4,Feriados!$A$2:$A$1265) -> 247 | H10: =NETWORKDAYS($A10,C$4,Feriados!$A$2:$A$1265) -> 498 | I10: =NETWORKDAYS($A10,D$4,Feriados!$A$2:$A$1265) -> 1247 | J10: =NETWORKDAYS($A10,E$4,Feriados!$A$2:$A$1265) -> 2250 | K10: =100000/((1+B10/100)^(G10/252)) -> 88153.808 | L10: =100000/((1+C10/100)^(H10/252)) -> 78560.751 | M10: =100000/((1+D10/100)^(I10/252)) -> 53895.585 | N10: =100000/((1+E10/100)^(J10/252)) -> 32256.994 | O10: =(-(G10/252)*K10/(1+B10/100))/10000 -> -7.5974892 | P10: =(-(H10/252)*L10/(1+C10/100))/10000 -> -13.740608 | Q10: =(-(I10/252)*M10/(1+D10/100))/10000 -> -23.538025 | R10: =(-(J10/252)*N10/(1+E10/100))/10000 -> -25.372996 | S10: =K10-K9*(1+$F9/100) -> -24.188491 | T10: =L10-L9*(1+$F9/100) -> 5.7799234 | U10: =M10-M9*(1+$F9/100) -> 25.271209 | V10: =N10-N9*(1+$F9/100) -> -77.814537 | W10: =100*((((1+C10/100)^(H10/252))/((1+B10/100)^(G10/252)))^(252/(H10-G10))-1) -> 12.262522 | X10: =100*((((1+E10/100)^(J10/252))/((1+D10/100)^(I10/252)))^(252/(J10-I10))-1) -> 13.765388 | Y10: =W10-X10 -> -1.5028655 | Z10: {=SUMPRODUCT(S10:V10,TRANSPOSE($AH$2:$AH$5))} -> -43.555026 | AA10: =Y10-Y9 -> -0.12146639
A11: 46029 | B11: 13.686 | C11: 12.983 | D11: 13.347 | E11: 13.568 | F11: 0.055131 | G11: =NETWORKDAYS($A11,B$4,Feriados!$A$2:$A$1265) -> 246 | H11: =NETWORKDAYS($A11,C$4,Feriados!$A$2:$A$1265) -> 497 | I11: =NETWORKDAYS($A11,D$4,Feriados!$A$2:$A$1265) -> 1246 | J11: =NETWORKDAYS($A11,E$4,Feriados!$A$2:$A$1265) -> 2249 | K11: =100000/((1+B11/100)^(G11/252)) -> 88230.628 | L11: =100000/((1+C11/100)^(H11/252)) -> 78604.314 | M11: =100000/((1+D11/100)^(I11/252)) -> 53823.586 | N11: =100000/((1+E11/100)^(J11/252)) -> 32126.42 | O11: =(-(G11/252)*K11/(1+B11/100))/10000 -> -7.5761218 | P11: =(-(H11/252)*L11/(1+C11/100))/10000 -> -13.721106 | Q11: =(-(I11/252)*M11/(1+D11/100))/10000 -> -23.479027 | R11: =(-(J11/252)*N11/(1+E11/100))/10000 -> -25.246156 | S11: =K11-K10*(1+$F10/100) -> 28.219739 | T11: =L11-L10*(1+$F10/100) -> 0.25140881 | U11: =M11-M10*(1+$F10/100) -> -101.71183 | V11: =N11-N10*(1+$F10/100) -> -148.35825 | W11: =100*((((1+C11/100)^(H11/252))/((1+B11/100)^(G11/252)))^(252/(H11-G11))-1) -> 12.298222 | X11: =100*((((1+E11/100)^(J11/252))/((1+D11/100)^(I11/252)))^(252/(J11-I11))-1) -> 13.843143 | Y11: =W11-X11 -> -1.5449203 | Z11: {=SUMPRODUCT(S11:V11,TRANSPOSE($AH$2:$AH$5))} -> -14.96577 | AA11: =Y11-Y10 -> -0.042054803
A12: 46030 | B12: 13.719 | C12: 13.011 | D12: 13.31 | E12: 13.523 | F12: 0.055131 | G12: =NETWORKDAYS($A12,B$4,Feriados!$A$2:$A$1265) -> 245 | H12: =NETWORKDAYS($A12,C$4,Feriados!$A$2:$A$1265) -> 496 | I12: =NETWORKDAYS($A12,D$4,Feriados!$A$2:$A$1265) -> 1245 | J12: =NETWORKDAYS($A12,E$4,Feriados!$A$2:$A$1265) -> 2248 | K12: =100000/((1+B12/100)^(G12/252)) -> 88250.644 | L12: =100000/((1+C12/100)^(H12/252)) -> 78604.052 | M12: =100000/((1+D12/100)^(I12/252)) -> 53937.282 | N12: =100000/((1+E12/100)^(J12/252)) -> 32256.482 | O12: =(-(G12/252)*K12/(1+B12/100))/10000 -> -7.5448463 | P12: =(-(H12/252)*L12/(1+C12/100))/10000 -> -13.69006 | Q12: =(-(I12/252)*M12/(1+D12/100))/10000 -> -23.517417 | R12: =(-(J12/252)*N12/(1+E12/100))/10000 -> -25.347137 | S12: =K12-K11*(1+$F11/100) -> -28.625999 | T12: =L12-L11*(1+$F11/100) -> -43.596965 | U12: =M12-M11*(1+$F11/100) -> 84.022091 | V12: =N12-N11*(1+$F11/100) -> 112.35086 | W12: =100*((((1+C12/100)^(H12/252))/((1+B12/100)^(G12/252)))^(252/(H12-G12))-1) -> 12.324176 | X12: =100*((((1+E12/100)^(J12/252))/((1+D12/100)^(I12/252)))^(252/(J12-I12))-1) -> 13.787949 | Y12: =W12-X12 -> -1.4637732 | Z12: {=SUMPRODUCT(S12:V12,TRANSPOSE($AH$2:$AH$5))} -> 28.908146 | AA12: =Y12-Y11 -> 0.081147107
A13: 46031 | B13: 13.763 | C13: 13.07 | D13: 13.358 | E13: 13.546 | F13: 0.055131 | G13: =NETWORKDAYS($A13,B$4,Feriados!$A$2:$A$1265) -> 244 | H13: =NETWORKDAYS($A13,C$4,Feriados!$A$2:$A$1265) -> 495 | I13: =NETWORKDAYS($A13,D$4,Feriados!$A$2:$A$1265) -> 1244 | J13: =NETWORKDAYS($A13,E$4,Feriados!$A$2:$A$1265) -> 2247 | K13: =100000/((1+B13/100)^(G13/252)) -> 88262.612 | L13: =100000/((1+C13/100)^(H13/252)) -> 78561.629 | M13: =100000/((1+D13/100)^(I13/252)) -> 53851.327 | N13: =100000/((1+E13/100)^(J13/252)) -> 32214.478 | O13: =(-(G13/252)*K13/(1+B13/100))/10000 -> -7.5121634 | P13: =(-(H13/252)*L13/(1+C13/100))/10000 -> -13.64796 | Q13: =(-(I13/252)*M13/(1+D13/100))/10000 -> -23.451146 | R13: =(-(J13/252)*N13/(1+E13/100))/10000 -> -25.297744 | S13: =K13-K12*(1+$F12/100) -> -36.686137 | T13: =L13-L12*(1+$F12/100) -> -85.758633 | U13: =M13-M12*(1+$F12/100) -> -115.6912 | V13: =N13-N12*(1+$F12/100) -> -59.78737 | W13: =100*((((1+C13/100)^(H13/252))/((1+B13/100)^(G13/252)))^(252/(H13-G13))-1) -> 12.400373 | X13: =100*((((1+E13/100)^(J13/252))/((1+D13/100)^(I13/252)))^(252/(J13-I13))-1) -> 13.779606 | Y13: =W13-X13 -> -1.3792323 | Z13: {=SUMPRODUCT(S13:V13,TRANSPOSE($AH$2:$AH$5))} -> 30.373043 | AA13: =Y13-Y12 -> 0.08454098
A14: 46034 | B14: 13.741 | C14: 13.022 | D14: 13.289 | E14: 13.482 | F14: 0.055131 | G14: =NETWORKDAYS($A14,B$4,Feriados!$A$2:$A$1265) -> 243 | H14: =NETWORKDAYS($A14,C$4,Feriados!$A$2:$A$1265) -> 494 | I14: =NETWORKDAYS($A14,D$4,Feriados!$A$2:$A$1265) -> 1243 | J14: =NETWORKDAYS($A14,E$4,Feriados!$A$2:$A$1265) -> 2246 | K14: =100000/((1+B14/100)^(G14/252)) -> 88324.257 | L14: =100000/((1+C14/100)^(H14/252)) -> 78665.384 | M14: =100000/((1+D14/100)^(I14/252)) -> 54040.182 | N14: =100000/((1+E14/100)^(J14/252)) -> 32393.09 | O14: =(-(G14/252)*K14/(1+B14/100))/10000 -> -7.4880491 | P14: =(-(H14/252)*L14/(1+C14/100))/10000 -> -13.644169 | Q14: =(-(I14/252)*M14/(1+D14/100))/10000 -> -23.528793 | R14: =(-(J14/252)*N14/(1+E14/100))/10000 -> -25.441025 | S14: =K14-K13*(1+$F13/100) -> 12.985617 | T14: =L14-L13*(1+$F13/100) -> 60.443101 | U14: =M14-M13*(1+$F13/100) -> 159.16701 | V14: =N14-N13*(1+$F13/100) -> 160.85221 | W14: =100*((((1+C14/100)^(H14/252))/((1+B14/100)^(G14/252)))^(252/(H14-G14))-1) -> 12.330247 | X14: =100*((((1+E14/100)^(J14/252))/((1+D14/100)^(I14/252)))^(252/(J14-I14))-1) -> 13.721638 | Y14: =W14-X14 -> -1.391391 | Z14: {=SUMPRODUCT(S14:V14,TRANSPOSE($AH$2:$AH$5))} -> -4.3956539 | AA14: =Y14-Y13 -> -0.012158776
A15: 46035 | B15: 13.698 | C15: 12.971 | D15: 13.291 | E15: 13.532 | F15: 0.055131 | G15: =NETWORKDAYS($A15,B$4,Feriados!$A$2:$A$1265) -> 242 | H15: =NETWORKDAYS($A15,C$4,Feriados!$A$2:$A$1265) -> 493 | I15: =NETWORKDAYS($A15,D$4,Feriados!$A$2:$A$1265) -> 1242 | J15: =NETWORKDAYS($A15,E$4,Feriados!$A$2:$A$1265) -> 2245 | K15: =100000/((1+B15/100)^(G15/252)) -> 88401.491 | L15: =100000/((1+C15/100)^(H15/252)) -> 78773.13 | M15: =100000/((1+D15/100)^(I15/252)) -> 54062.242 | N15: =100000/((1+E15/100)^(J15/252)) -> 32282.417 | O15: =(-(G15/252)*K15/(1+B15/100))/10000 -> -7.4665777 | P15: =(-(H15/252)*L15/(1+C15/100))/10000 -> -13.641355 | Q15: =(-(I15/252)*M15/(1+D15/100))/10000 -> -23.519046 | R15: =(-(J15/252)*N15/(1+E15/100))/10000 -> -25.331655 | S15: =K15-K14*(1+$F14/100) -> 28.539169 | T15: =L15-L14*(1+$F14/100) -> 64.377524 | U15: =M15-M14*(1+$F14/100) -> -7.7335942 | V15: =N15-N14*(1+$F14/100) -> -128.53215 | W15: =100*((((1+C15/100)^(H15/252))/((1+B15/100)^(G15/252)))^(252/(H15-G15))-1) -> 12.27447 | X15: =100*((((1+E15/100)^(J15/252))/((1+D15/100)^(I15/252)))^(252/(J15-I15))-1) -> 13.831137 | Y15: =W15-X15 -> -1.5566677 | Z15: {=SUMPRODUCT(S15:V15,TRANSPOSE($AH$2:$AH$5))} -> -59.357477 | AA15: =Y15-Y14 -> -0.16527671
A16: 46036 | B16: 13.74 | C16: 13.046 | D16: 13.339 | E16: 13.557 | F16: 0.055131 | G16: =NETWORKDAYS($A16,B$4,Feriados!$A$2:$A$1265) -> 241 | H16: =NETWORKDAYS($A16,C$4,Feriados!$A$2:$A$1265) -> 492 | I16: =NETWORKDAYS($A16,D$4,Feriados!$A$2:$A$1265) -> 1241 | J16: =NETWORKDAYS($A16,E$4,Feriados!$A$2:$A$1265) -> 2244 | K16: =100000/((1+B16/100)^(G16/252)) -> 88415.302 | L16: =100000/((1+C16/100)^(H16/252)) -> 78709.212 | M16: =100000/((1+D16/100)^(I16/252)) -> 53976.305 | N16: =100000/((1+E16/100)^(J16/252)) -> 32235.415 | O16: =(-(G16/252)*K16/(1+B16/100))/10000 -> -7.4341396 | P16: =(-(H16/252)*L16/(1+C16/100))/10000 -> -13.593614 | Q16: =(-(I16/252)*M16/(1+D16/100))/10000 -> -23.452817 | R16: =(-(J16/252)*N16/(1+E16/100))/10000 -> -25.27794 | S16: =K16-K15*(1+$F15/100) -> -34.925708 | T16: =L16-L15*(1+$F15/100) -> -107.34723 | U16: =M16-M15*(1+$F15/100) -> -115.74188 | V16: =N16-N15*(1+$F15/100) -> -64.798963 | W16: =100*((((1+C16/100)^(H16/252))/((1+B16/100)^(G16/252)))^(252/(H16-G16))-1) -> 12.383635 | X16: =100*((((1+E16/100)^(J16/252))/((1+D16/100)^(I16/252)))^(252/(J16-I16))-1) -> 13.827309 | Y16: =W16-X16 -> -1.4436747 | Z16: {=SUMPRODUCT(S16:V16,TRANSPOSE($AH$2:$AH$5))} -> 40.639912 | AA16: =Y16-Y15 -> 0.11299304
A17: 46037 | B17: 13.753 | C17: 13.087 | D17: 13.372 | E17: 13.585 | F17: 0.055131 | G17: =NETWORKDAYS($A17,B$4,Feriados!$A$2:$A$1265) -> 240 | H17: =NETWORKDAYS($A17,C$4,Feriados!$A$2:$A$1265) -> 491 | I17: =NETWORKDAYS($A17,D$4,Feriados!$A$2:$A$1265) -> 1240 | J17: =NETWORKDAYS($A17,E$4,Feriados!$A$2:$A$1265) -> 2243 | K17: =100000/((1+B17/100)^(G17/252)) -> 88450.856 | L17: =100000/((1+C17/100)^(H17/252)) -> 78691.903 | M17: =100000/((1+D17/100)^(I17/252)) -> 53925.827 | N17: =100000/((1+E17/100)^(J17/252)) -> 32180.986 | O17: =(-(G17/252)*K17/(1+B17/100))/10000 -> -7.4054232 | P17: =(-(H17/252)*L17/(1+C17/100))/10000 -> -13.558084 | Q17: =(-(I17/252)*M17/(1+D17/100))/10000 -> -23.405189 | R17: =(-(J17/252)*N17/(1+E17/100))/10000 -> -25.217795 | S17: =K17-K16*(1+$F16/100) -> -13.190093 | T17: =L17-L16*(1+$F16/100) -> -60.701375 | U17: =M17-M16*(1+$F16/100) -> -80.235121 | V17: =N17-N16*(1+$F16/100) -> -72.200813 | W17: =100*((((1+C17/100)^(H17/252))/((1+B17/100)^(G17/252)))^(252/(H17-G17))-1) -> 12.453834 | X17: =100*((((1+E17/100)^(J17/252))/((1+D17/100)^(I17/252)))^(252/(J17-I17))-1) -> 13.848883 | Y17: =W17-X17 -> -1.395049 | Z17: {=SUMPRODUCT(S17:V17,TRANSPOSE($AH$2:$AH$5))} -> 17.492104 | AA17: =Y17-Y16 -> 0.04862569
A18: 46038 | B18: 13.812 | C18: 13.204 | D18: 13.512 | E18: 13.729 | F18: 0.055131 | G18: =NETWORKDAYS($A18,B$4,Feriados!$A$2:$A$1265) -> 239 | H18: =NETWORKDAYS($A18,C$4,Feriados!$A$2:$A$1265) -> 490 | I18: =NETWORKDAYS($A18,D$4,Feriados!$A$2:$A$1265) -> 1239 | J18: =NETWORKDAYS($A18,E$4,Feriados!$A$2:$A$1265) -> 2242 | K18: =100000/((1+B18/100)^(G18/252)) -> 88452.586 | L18: =100000/((1+C18/100)^(H18/252)) -> 78572.175 | M18: =100000/((1+D18/100)^(I18/252)) -> 53626.313 | N18: =100000/((1+E18/100)^(J18/252)) -> 31836.367 | O18: =(-(G18/252)*K18/(1+B18/100))/10000 -> -7.3708885 | P18: =(-(H18/252)*L18/(1+C18/100))/10000 -> -13.495921 | Q18: =(-(I18/252)*M18/(1+D18/100))/10000 -> -23.227738 | R18: =(-(J18/252)*N18/(1+E18/100))/10000 -> -24.905046 | S18: =K18-K17*(1+$F17/100) -> -47.033481 | T18: =L18-L17*(1+$F17/100) -> -163.11197 | U18: =M18-M17*(1+$F17/100) -> -329.24455 | V18: =N18-N17*(1+$F17/100) -> -362.36076 | W18: =100*((((1+C18/100)^(H18/252))/((1+B18/100)^(G18/252)))^(252/(H18-G18))-1) -> 12.628087 | X18: =100*((((1+E18/100)^(J18/252))/((1+D18/100)^(I18/252)))^(252/(J18-I18))-1) -> 13.997632 | Y18: =W18-X18 -> -1.3695448 | Z18: {=SUMPRODUCT(S18:V18,TRANSPOSE($AH$2:$AH$5))} -> 9.9840876 | AA18: =Y18-Y17 -> 0.025504161
A19: 46041 | B19: 13.762 | C19: 13.14 | D19: 13.484 | E19: 13.708 | F19: 0.055131 | G19: =NETWORKDAYS($A19,B$4,Feriados!$A$2:$A$1265) -> 238 | H19: =NETWORKDAYS($A19,C$4,Feriados!$A$2:$A$1265) -> 489 | I19: =NETWORKDAYS($A19,D$4,Feriados!$A$2:$A$1265) -> 1238 | J19: =NETWORKDAYS($A19,E$4,Feriados!$A$2:$A$1265) -> 2241 | K19: =100000/((1+B19/100)^(G19/252)) -> 88534.744 | L19: =100000/((1+C19/100)^(H19/252)) -> 78697.165 | M19: =100000/((1+D19/100)^(I19/252)) -> 53718.355 | N19: =100000/((1+E19/100)^(J19/252)) -> 31904.976 | O19: =(-(G19/252)*K19/(1+B19/100))/10000 -> -7.3500947 | P19: =(-(H19/252)*L19/(1+C19/100))/10000 -> -13.497435 | Q19: =(-(I19/252)*M19/(1+D19/100))/10000 -> -23.254563 | R19: =(-(J19/252)*N19/(1+E19/100))/10000 -> -24.952193 | S19: =K19-K18*(1+$F18/100) -> 33.393542 | T19: =L19-L18*(1+$F18/100) -> 81.672828 | U19: =M19-M18*(1+$F18/100) -> 62.477652 | V19: =N19-N18*(1+$F18/100) -> 51.056959 | W19: =100*((((1+C19/100)^(H19/252))/((1+B19/100)^(G19/252)))^(252/(H19-G19))-1) -> 12.553357 | X19: =100*((((1+E19/100)^(J19/252))/((1+D19/100)^(I19/252)))^(252/(J19-I19))-1) -> 13.985092 | Y19: =W19-X19 -> -1.4317357 | Z19: {=SUMPRODUCT(S19:V19,TRANSPOSE($AH$2:$AH$5))} -> -22.352908 | AA19: =Y19-Y18 -> -0.062190855
... A63: 46101 | B63: 14.305 | C63: 14.065 | D63: 14.12 | E63: 14.075 | F63: 0.054266 | G63: =NETWORKDAYS($A63,B$4,Feriados!$A$2:$A$1265) -> 196 | H63: =NETWORKDAYS($A63,C$4,Feriados!$A$2:$A$1265) -> 447 | I63: =NETWORKDAYS($A63,D$4,Feriados!$A$2:$A$1265) -> 1196 | J63: =NETWORKDAYS($A63,E$4,Feriados!$A$2:$A$1265) -> 2199 | K63: =100000/((1+B63/100)^(G63/252)) -> 90123.522 | L63: =100000/((1+C63/100)^(H63/252)) -> 79181.28 | M63: =100000/((1+D63/100)^(I63/252)) -> 53426.811 | N63: =100000/((1+E63/100)^(J63/252)) -> 31691.661 | O63: =(-(G63/252)*K63/(1+B63/100))/10000 -> -6.1323715 | P63: =(-(H63/252)*L63/(1+C63/100))/10000 -> -12.313375 | Q63: =(-(I63/252)*M63/(1+D63/100))/10000 -> -22.219185 | R63: =(-(J63/252)*N63/(1+E63/100))/10000 -> -24.242601 | S63: =K63-K62*(1+$F62/100) -> -178.99248 | T63: =L63-L62*(1+$F62/100) -> -599.96148 | U63: =M63-M62*(1+$F62/100) -> -795.28354 | V63: =N63-N62*(1+$F62/100) -> -628.37119 | W63: =100*((((1+C63/100)^(H63/252))/((1+B63/100)^(G63/252)))^(252/(H63-G63))-1) -> 13.87794 | X63: =100*((((1+E63/100)^(J63/252))/((1+D63/100)^(I63/252)))^(252/(J63-I63))-1) -> 14.021364 | Y63: =W63-X63 -> -0.14342409 | Z63: {=SUMPRODUCT(S63:V63,TRANSPOSE($AH$2:$AH$5))} -> 178.30754 | AA63: =Y63-Y62 -> 0.49533152

Sheet Feriados
A1: Data | B1: Dia da Semana | C1: Feriado
A2: 36892 | B2: segunda-feira | C2: Confraternização Universal
A3: 36948 | B3: segunda-feira | C3: Carnaval
A4: 36949 | B4: terça-feira | C4: Carnaval
A5: 36994 | B5: sexta-feira | C5: Paixão de Cristo
A6: 37002 | B6: sábado | C6: Tiradentes
A7: 37012 | B7: terça-feira | C7: Dia do Trabalho
A8: 37056 | B8: quinta-feira | C8: Corpus Christi
A9: 37141 | B9: sexta-feira | C9: Independência do Brasil
A10: 37176 | B10: sexta-feira | C10: Nossa Sr.a Aparecida - Padroeira do Brasil
A11: 37197 | B11: sexta-feira | C11: Finados
A12: 37210 | B12: quinta-feira | C12: Proclamação da República
A13: 37250 | B13: terça-feira | C13: Natal
... A1265: 73044 | B1265: sexta-feira | C1265: Natal
A1266: Fonte: ANBIMA
A1268: 1) De acordo com a Resolução n º 2.516, a partir do ano 2000, a quinta-feira da Semana Santa foi considerada dia útil. Esta mesma Resolução dispensou as instituições financeiras do cumprimento do horário mínimo de funcionamento, desde que informem ao público.
A1270: 2) A lei nº 9.504/97 estabeleceu que, em ano eleitoral, o 1º turno das eleições será realizado no primeiro domingo de outubro; e o 2º turno, quando houver, no último domingo do referido mês.
A1272: 3) De acordo com a Resolução nº 2.596/99, no último dia útil do ano não haverá atendimento ao público.
A1274: 4) Esta listagem não inclui os feriados municipais, eleições e o último dia do ano. O critério adotado foi o de indicar os feriados em que não há sensibilização das Reservas Bancárias.

Sheet BBG Valores
A1: Start Date | B1: 46023 | AH1: Q
A2: End Date | AC2: =K7/L7 -> 1.1249579 | AD2: 1 | AE2: 0 | AF2: 0 | AH2: {=MMULT(MINVERSE(AC2:AF5),AJ2:AJ5)} -> 0.45498591 | AJ2: 0
AC3: 0 | AD3: 0 | AE3: =M8/N8 -> 1.658519 | AF3: 1 | AH3: -0.51184002 | AJ3: 0
A4: Maturity | B4: 46388 | C4: 46753 | D4: 47849 | E4: 49310 | F4: CDI | AC4: =O7 -> -763.99691 | AD4: =P7 -> -1371.3859 | AE4: =Q7 -> -2334.4253 | AF4: =R7 -> -2521.7291 | AH4: -0.19174219 | AJ4: 0
B5: ODF27 Comdty | C5: ODF28 Comdty | D5: ODF31 Comdty | E5: ODF35 Comdty | F5: BZDIOVER Index | G5: DU | K5: PU | O5: DV01 | S5: PnL | W5: FRA Spread | AC5: =O7 -> -763.99691 | AD5: =-P7 -> 1371.3859 | AE5: =Q7 -> -2334.4253 | AF5: =-R7 -> 2521.7291 | AH5: 0.31800807 | AJ5: 200
A6: Dates | B6: Last Price | C6: Last Price | D6: Last Price | E6: Last Price | G6: ODF27 Comdty | H6: ODF28 Comdty | I6: ODF31 Comdty | J6: ODF35 Comdty | K6: ODF27 Comdty | L6: ODF28 Comdty | M6: ODF31 Comdty | N6: ODF35 Comdty | O6: ODF27 Comdty | P6: ODF28 Comdty | Q6: ODF31 Comdty | R6: ODF35 Comdty | S6: ODF27 Comdty | T6: ODF28 Comdty | U6: ODF31 Comdty | V6: ODF35 Comdty | W6: FRA 1y1y | X6: FRA 5y5y | Y6: Spread | Z6: Spread PnL | AA6: Spread Change
A7: 46023 | B7: 13.812 | C7: 13.176 | D7: 13.474 | E7: 13.579 | F7: 0.055131 | G7: =NETWORKDAYS($A7,B$4,Feriados!$A$2:$A$1265) -> 249 | H7: =NETWORKDAYS($A7,C$4,Feriados!$A$2:$A$1265) -> 500 | I7: =NETWORKDAYS($A7,D$4,Feriados!$A$2:$A$1265) -> 1249 | J7: =NETWORKDAYS($A7,E$4,Feriados!$A$2:$A$1265) -> 2252 | K7: =100000/((1+B7/100)^(G7/252)) -> 87999.631 | L7: =100000/((1+C7/100)^(H7/252)) -> 78224.818 | M7: =100000/((1+D7/100)^(I7/252)) -> 53445.907 | N7: =100000/((1+E7/100)^(J7/252)) -> 32050.043 | O7: =(-(G7/252)*K7/(1+B7/100))/100 -> -763.99691 | P7: =(-(H7/252)*L7/(1+C7/100))/100 -> -1371.3859 | Q7: =(-(I7/252)*M7/(1+D7/100))/100 -> -2334.4253 | R7: =(-(J7/252)*N7/(1+E7/100))/100 -> -2521.7291 | W7: =100*((((1+C7/100)^(H7/252))/((1+B7/100)^(G7/252)))^(252/(H7-G7))-1) -> 12.548579 | X7: =100*((((1+E7/100)^(J7/252))/((1+D7/100)^(I7/252)))^(252/(J7-I7))-1) -> 13.709889 | Y7: =W7-X7 -> -1.1613091
A8: 46024 | B8: 13.704 | C8: 13.043 | D8: 13.323 | E8: 13.426 | F8: 0.055131 | G8: =NETWORKDAYS($A8,B$4,Feriados!$A$2:$A$1265) -> 249 | H8: =NETWORKDAYS($A8,C$4,Feriados!$A$2:$A$1265) -> 500 | I8: =NETWORKDAYS($A8,D$4,Feriados!$A$2:$A$1265) -> 1249 | J8: =NETWORKDAYS($A8,E$4,Feriados!$A$2:$A$1265) -> 2252 | K8: =100000/((1+B8/100)^(G8/252)) -> 88082.22 | L8: =100000/((1+C8/100)^(H8/252)) -> 78407.533 | M8: =100000/((1+D8/100)^(I8/252)) -> 53799.806 | N8: =100000/((1+E8/100)^(J8/252)) -> 32438.463 | O8: =(-(G8/252)*K8/(1+B8/100))/10000 -> -7.6544029 | P8: =(-(H8/252)*L8/(1+C8/100))/10000 -> -13.762064 | Q8: =(-(I8/252)*M8/(1+D8/100))/10000 -> -23.530142 | R8: =(-(J8/252)*N8/(1+E8/100))/10000 -> -25.557331 | S8: =K8-K7*(1+$F7/100) -> 34.074495 | T8: =L8-L7*(1+$F7/100) -> 139.58852 | U8: =M8-M7*(1+$F7/100) -> 324.43425 | V8: =N8-N7*(1+$F7/100) -> 370.74995 | W8: =100*((((1+C8/100)^(H8/252))/((1+B8/100)^(G8/252)))^(252/(H8-G8))-1) -> 12.391064 | X8: =100*((((1+E8/100)^(J8/252))/((1+D8/100)^(I8/252)))^(252/(J8-I8))-1) -> 13.554393 | Y8: =W8-X8 -> -1.1633293 | Z8: {=SUMPRODUCT(S8:V8,TRANSPOSE($AH$2:$AH$5))} -> -0.24983148 | AA8: =Y8-Y7 -> -0.002020204
A9: 46027 | B9: 13.701 | C9: 12.995 | D9: 13.317 | E9: 13.48 | F9: 0.055131 | G9: =NETWORKDAYS($A9,B$4,Feriados!$A$2:$A$1265) -> 248 | H9: =NETWORKDAYS($A9,C$4,Feriados!$A$2:$A$1265) -> 499 | I9: =NETWORKDAYS($A9,D$4,Feriados!$A$2:$A$1265) -> 1248 | J9: =NETWORKDAYS($A9,E$4,Feriados!$A$2:$A$1265) -> 2251 | K9: =100000/((1+B9/100)^(G9/252)) -> 88129.41 | L9: =100000/((1+C9/100)^(H9/252)) -> 78511.687 | M9: =100000/((1+D9/100)^(I9/252)) -> 53840.631 | N9: =100000/((1+E9/100)^(J9/252)) -> 32316.992 | O9: =(-(G9/252)*K9/(1+B9/100))/10000 -> -7.6279479 | P9: =(-(H9/252)*L9/(1+C9/100))/10000 -> -13.758627 | Q9: =(-(I9/252)*M9/(1+D9/100))/10000 -> -23.530389 | R9: =(-(J9/252)*N9/(1+E9/100))/10000 -> -25.438211 | S9: =K9-K8*(1+$F8/100) -> -1.3709305 | T9: =L9-L8*(1+$F8/100) -> 60.927345 | U9: =M9-M8*(1+$F8/100) -> 11.16404 | V9: =N9-N8*(1+$F8/100) -> -139.35441 | W9: =100*((((1+C9/100)^(H9/252))/((1+B9/100)^(G9/252)))^(252/(H9-G9))-1) -> 12.301744 | X9: =100*((((1+E9/100)^(J9/252))/((1+D9/100)^(I9/252)))^(252/(J9-I9))-1) -> 13.683143 | Y9: =W9-X9 -> -1.3813991 | Z9: {=SUMPRODUCT(S9:V9,TRANSPOSE($AH$2:$AH$5))} -> -78.265251 | AA9: =Y9-Y8 -> -0.21806985
A10: 46028 | B10: 13.728 | C10: 12.987 | D10: 13.305 | E10: 13.51 | F10: 0.055131 | G10: =NETWORKDAYS($A10,B$4,Feriados!$A$2:$A$1265) -> 247 | H10: =NETWORKDAYS($A10,C$4,Feriados!$A$2:$A$1265) -> 498 | I10: =NETWORKDAYS($A10,D$4,Feriados!$A$2:$A$1265) -> 1247 | J10: =NETWORKDAYS($A10,E$4,Feriados!$A$2:$A$1265) -> 2250 | K10: =100000/((1+B10/100)^(G10/252)) -> 88153.808 | L10: =100000/((1+C10/100)^(H10/252)) -> 78560.751 | M10: =100000/((1+D10/100)^(I10/252)) -> 53895.585 | N10: =100000/((1+E10/100)^(J10/252)) -> 32256.994 | O10: =(-(G10/252)*K10/(1+B10/100))/10000 -> -7.5974892 | P10: =(-(H10/252)*L10/(1+C10/100))/10000 -> -13.740608 | Q10: =(-(I10/252)*M10/(1+D10/100))/10000 -> -23.538025 | R10: =(-(J10/252)*N10/(1+E10/100))/10000 -> -25.372996 | S10: =K10-K9*(1+$F9/100) -> -24.188491 | T10: =L10-L9*(1+$F9/100) -> 5.7799234 | U10: =M10-M9*(1+$F9/100) -> 25.271209 | V10: =N10-N9*(1+$F9/100) -> -77.814537 | W10: =100*((((1+C10/100)^(H10/252))/((1+B10/100)^(G10/252)))^(252/(H10-G10))-1) -> 12.262522 | X10: =100*((((1+E10/100)^(J10/252))/((1+D10/100)^(I10/252)))^(252/(J10-I10))-1) -> 13.765388 | Y10: =W10-X10 -> -1.5028655 | Z10: {=SUMPRODUCT(S10:V10,TRANSPOSE($AH$2:$AH$5))} -> -43.555026 | AA10: =Y10-Y9 -> -0.12146639
A11: 46029 | B11: 13.686 | C11: 12.983 | D11: 13.347 | E11: 13.568 | F11: 0.055131 | G11: =NETWORKDAYS($A11,B$4,Feriados!$A$2:$A$1265) -> 246 | H11: =NETWORKDAYS($A11,C$4,Feriados!$A$2:$A$1265) -> 497 | I11: =NETWORKDAYS($A11,D$4,Feriados!$A$2:$A$1265) -> 1246 | J11: =NETWORKDAYS($A11,E$4,Feriados!$A$2:$A$1265) -> 2249 | K11: =100000/((1+B11/100)^(G11/252)) -> 88230.628 | L11: =100000/((1+C11/100)^(H11/252)) -> 78604.314 | M11: =100000/((1+D11/100)^(I11/252)) -> 53823.586 | N11: =100000/((1+E11/100)^(J11/252)) -> 32126.42 | O11: =(-(G11/252)*K11/(1+B11/100))/10000 -> -7.5761218 | P11: =(-(H11/252)*L11/(1+C11/100))/10000 -> -13.721106 | Q11: =(-(I11/252)*M11/(1+D11/100))/10000 -> -23.479027 | R11: =(-(J11/252)*N11/(1+E11/100))/10000 -> -25.246156 | S11: =K11-K10*(1+$F10/100) -> 28.219739 | T11: =L11-L10*(1+$F10/100) -> 0.25140881 | U11: =M11-M10*(1+$F10/100) -> -101.71183 | V11: =N11-N10*(1+$F10/100) -> -148.35825 | W11: =100*((((1+C11/100)^(H11/252))/((1+B11/100)^(G11/252)))^(252/(H11-G11))-1) -> 12.298222 | X11: =100*((((1+E11/100)^(J11/252))/((1+D11/100)^(I11/252)))^(252/(J11-I11))-1) -> 13.843143 | Y11: =W11-X11 -> -1.5449203 | Z11: {=SUMPRODUCT(S11:V11,TRANSPOSE($AH$2:$AH$5))} -> -14.96577 | AA11: =Y11-Y10 -> -0.042054803
A12: 46030 | B12: 13.719 | C12: 13.011 | D12: 13.31 | E12: 13.523 | F12: 0.055131 | G12: =NETWORKDAYS($A12,B$4,Feriados!$A$2:$A$1265) -> 245 | H12: =NETWORKDAYS($A12,C$4,Feriados!$A$2:$A$1265) -> 496 | I12: =NETWORKDAYS($A12,D$4,Feriados!$A$2:$A$1265) -> 1245 | J12: =NETWORKDAYS($A12,E$4,Feriados!$A$2:$A$1265) -> 2248 | K12: =100000/((1+B12/100)^(G12/252)) -> 88250.644 | L12: =100000/((1+C12/100)^(H12/252)) -> 78604.052 | M12: =100000/((1+D12/100)^(I12/252)) -> 53937.282 | N12: =100000/((1+E12/100)^(J12/252)) -> 32256.482 | O12: =(-(G12/252)*K12/(1+B12/100))/10000 -> -7.5448463 | P12: =(-(H12/252)*L12/(1+C12/100))/10000 -> -13.69006 | Q12: =(-(I12/252)*M12/(1+D12/100))/10000 -> -23.517417 | R12: =(-(J12/252)*N12/(1+E12/100))/10000 -> -25.347137 | S12: =K12-K11*(1+$F11/100) -> -28.625999 | T12: =L12-L11*(1+$F11/100) -> -43.596965 | U12: =M12-M11*(1+$F11/100) -> 84.022091 | V12: =N12-N11*(1+$F11/100) -> 112.35086 | W12: =100*((((1+C12/100)^(H12/252))/((1+B12/100)^(G12/252)))^(252/(H12-G12))-1) -> 12.324176 | X12: =100*((((1+E12/100)^(J12/252))/((1+D12/100)^(I12/252)))^(252/(J12-I12))-1) -> 13.787949 | Y12: =W12-X12 -> -1.4637732 | Z12: {=SUMPRODUCT(S12:V12,TRANSPOSE($AH$2:$AH$5))} -> 28.908146 | AA12: =Y12-Y11 -> 0.081147107
A13: 46031 | B13: 13.763 | C13: 13.07 | D13: 13.358 | E13: 13.546 | F13: 0.055131 | G13: =NETWORKDAYS($A13,B$4,Feriados!$A$2:$A$1265) -> 244 | H13: =NETWORKDAYS($A13,C$4,Feriados!$A$2:$A$1265) -> 495 | I13: =NETWORKDAYS($A13,D$4,Feriados!$A$2:$A$1265) -> 1244 | J13: =NETWORKDAYS($A13,E$4,Feriados!$A$2:$A$1265) -> 2247 | K13: =100000/((1+B13/100)^(G13/252)) -> 88262.612 | L13: =100000/((1+C13/100)^(H13/252)) -> 78561.629 | M13: =100000/((1+D13/100)^(I13/252)) -> 53851.327 | N13: =100000/((1+E13/100)^(J13/252)) -> 32214.478 | O13: =(-(G13/252)*K13/(1+B13/100))/10000 -> -7.5121634 | P13: =(-(H13/252)*L13/(1+C13/100))/10000 -> -13.64796 | Q13: =(-(I13/252)*M13/(1+D13/100))/10000 -> -23.451146 | R13: =(-(J13/252)*N13/(1+E13/100))/10000 -> -25.297744 | S13: =K13-K12*(1+$F12/100) -> -36.686137 | T13: =L13-L12*(1+$F12/100) -> -85.758633 | U13: =M13-M12*(1+$F12/100) -> -115.6912 | V13: =N13-N12*(1+$F12/100) -> -59.78737 | W13: =100*((((1+C13/100)^(H13/252))/((1+B13/100)^(G13/252)))^(252/(H13-G13))-1) -> 12.400373 | X13: =100*((((1+E13/100)^(J13/252))/((1+D13/100)^(I13/252)))^(252/(J13-I13))-1) -> 13.779606 | Y13: =W13-X13 -> -1.3792323 | Z13: {=SUMPRODUCT(S13:V13,TRANSPOSE($AH$2:$AH$5))} -> 30.373043 | AA13: =Y13-Y12 -> 0.08454098
A14: 46034 | B14: 13.741 | C14: 13.022 | D14: 13.289 | E14: 13.482 | F14: 0.055131 | G14: =NETWORKDAYS($A14,B$4,Feriados!$A$2:$A$1265) -> 243 | H14: =NETWORKDAYS($A14,C$4,Feriados!$A$2:$A$1265) -> 494 | I14: =NETWORKDAYS($A14,D$4,Feriados!$A$2:$A$1265) -> 1243 | J14: =NETWORKDAYS($A14,E$4,Feriados!$A$2:$A$1265) -> 2246 | K14: =100000/((1+B14/100)^(G14/252)) -> 88324.257 | L14: =100000/((1+C14/100)^(H14/252)) -> 78665.384 | M14: =100000/((1+D14/100)^(I14/252)) -> 54040.182 | N14: =100000/((1+E14/100)^(J14/252)) -> 32393.09 | O14: =(-(G14/252)*K14/(1+B14/100))/10000 -> -7.4880491 | P14: =(-(H14/252)*L14/(1+C14/100))/10000 -> -13.644169 | Q14: =(-(I14/252)*M14/(1+D14/100))/10000 -> -23.528793 | R14: =(-(J14/252)*N14/(1+E14/100))/10000 -> -25.441025 | S14: =K14-K13*(1+$F13/100) -> 12.985617 | T14: =L14-L13*(1+$F13/100) -> 60.443101 | U14: =M14-M13*(1+$F13/100) -> 159.16701 | V14: =N14-N13*(1+$F13/100) -> 160.85221 | W14: =100*((((1+C14/100)^(H14/252))/((1+B14/100)^(G14/252)))^(252/(H14-G14))-1) -> 12.330247 | X14: =100*((((1+E14/100)^(J14/252))/((1+D14/100)^(I14/252)))^(252/(J14-I14))-1) -> 13.721638 | Y14: =W14-X14 -> -1.391391 | Z14: {=SUMPRODUCT(S14:V14,TRANSPOSE($AH$2:$AH$5))} -> -4.3956539 | AA14: =Y14-Y13 -> -0.012158776
A15: 46035 | B15: 13.698 | C15: 12.971 | D15: 13.291 | E15: 13.532 | F15: 0.055131 | G15: =NETWORKDAYS($A15,B$4,Feriados!$A$2:$A$1265) -> 242 | H15: =NETWORKDAYS($A15,C$4,Feriados!$A$2:$A$1265) -> 493 | I15: =NETWORKDAYS($A15,D$4,Feriados!$A$2:$A$1265) -> 1242 | J15: =NETWORKDAYS($A15,E$4,Feriados!$A$2:$A$1265) -> 2245 | K15: =100000/((1+B15/100)^(G15/252)) -> 88401.491 | L15: =100000/((1+C15/100)^(H15/252)) -> 78773.13 | M15: =100000/((1+D15/100)^(I15/252)) -> 54062.242 | N15: =100000/((1+E15/100)^(J15/252)) -> 32282.417 | O15: =(-(G15/252)*K15/(1+B15/100))/10000 -> -7.4665777 | P15: =(-(H15/252)*L15/(1+C15/100))/10000 -> -13.641355 | Q15: =(-(I15/252)*M15/(1+D15/100))/10000 -> -23.519046 | R15: =(-(J15/252)*N15/(1+E15/100))/10000 -> -25.331655 | S15: =K15-K14*(1+$F14/100) -> 28.539169 | T15: =L15-L14*(1+$F14/100) -> 64.377524 | U15: =M15-M14*(1+$F14/100) -> -7.7335942 | V15: =N15-N14*(1+$F14/100) -> -128.53215 | W15: =100*((((1+C15/100)^(H15/252))/((1+B15/100)^(G15/252)))^(252/(H15-G15))-1) -> 12.27447 | X15: =100*((((1+E15/100)^(J15/252))/((1+D15/100)^(I15/252)))^(252/(J15-I15))-1) -> 13.831137 | Y15: =W15-X15 -> -1.5566677 | Z15: {=SUMPRODUCT(S15:V15,TRANSPOSE($AH$2:$AH$5))} -> -59.357477 | AA15: =Y15-Y14 -> -0.16527671
A16: 46036 | B16: 13.74 | C16: 13.046 | D16: 13.339 | E16: 13.557 | F16: 0.055131 | G16: =NETWORKDAYS($A16,B$4,Feriados!$A$2:$A$1265) -> 241 | H16: =NETWORKDAYS($A16,C$4,Feriados!$A$2:$A$1265) -> 492 | I16: =NETWORKDAYS($A16,D$4,Feriados!$A$2:$A$1265) -> 1241 | J16: =NETWORKDAYS($A16,E$4,Feriados!$A$2:$A$1265) -> 2244 | K16: =100000/((1+B16/100)^(G16/252)) -> 88415.302 | L16: =100000/((1+C16/100)^(H16/252)) -> 78709.212 | M16: =100000/((1+D16/100)^(I16/252)) -> 53976.305 | N16: =100000/((1+E16/100)^(J16/252)) -> 32235.415 | O16: =(-(G16/252)*K16/(1+B16/100))/10000 -> -7.4341396 | P16: =(-(H16/252)*L16/(1+C16/100))/10000 -> -13.593614 | Q16: =(-(I16/252)*M16/(1+D16/100))/10000 -> -23.452817 | R16: =(-(J16/252)*N16/(1+E16/100))/10000 -> -25.27794 | S16: =K16-K15*(1+$F15/100) -> -34.925708 | T16: =L16-L15*(1+$F15/100) -> -107.34723 | U16: =M16-M15*(1+$F15/100) -> -115.74188 | V16: =N16-N15*(1+$F15/100) -> -64.798963 | W16: =100*((((1+C16/100)^(H16/252))/((1+B16/100)^(G16/252)))^(252/(H16-G16))-1) -> 12.383635 | X16: =100*((((1+E16/100)^(J16/252))/((1+D16/100)^(I16/252)))^(252/(J16-I16))-1) -> 13.827309 | Y16: =W16-X16 -> -1.4436747 | Z16: {=SUMPRODUCT(S16:V16,TRANSPOSE($AH$2:$AH$5))} -> 40.639912 | AA16: =Y16-Y15 -> 0.11299304
A17: 46037 | B17: 13.753 | C17: 13.087 | D17: 13.372 | E17: 13.585 | F17: 0.055131 | G17: =NETWORKDAYS($A17,B$4,Feriados!$A$2:$A$1265) -> 240 | H17: =NETWORKDAYS($A17,C$4,Feriados!$A$2:$A$1265) -> 491 | I17: =NETWORKDAYS($A17,D$4,Feriados!$A$2:$A$1265) -> 1240 | J17: =NETWORKDAYS($A17,E$4,Feriados!$A$2:$A$1265) -> 2243 | K17: =100000/((1+B17/100)^(G17/252)) -> 88450.856 | L17: =100000/((1+C17/100)^(H17/252)) -> 78691.903 | M17: =100000/((1+D17/100)^(I17/252)) -> 53925.827 | N17: =100000/((1+E17/100)^(J17/252)) -> 32180.986 | O17: =(-(G17/252)*K17/(1+B17/100))/10000 -> -7.4054232 | P17: =(-(H17/252)*L17/(1+C17/100))/10000 -> -13.558084 | Q17: =(-(I17/252)*M17/(1+D17/100))/10000 -> -23.405189 | R17: =(-(J17/252)*N17/(1+E17/100))/10000 -> -25.217795 | S17: =K17-K16*(1+$F16/100) -> -13.190093 | T17: =L17-L16*(1+$F16/100) -> -60.701375 | U17: =M17-M16*(1+$F16/100) -> -80.235121 | V17: =N17-N16*(1+$F16/100) -> -72.200813 | W17: =100*((((1+C17/100)^(H17/252))/((1+B17/100)^(G17/252)))^(252/(H17-G17))-1) -> 12.453834 | X17: =100*((((1+E17/100)^(J17/252))/((1+D17/100)^(I17/252)))^(252/(J17-I17))-1) -> 13.848883 | Y17: =W17-X17 -> -1.395049 | Z17: {=SUMPRODUCT(S17:V17,TRANSPOSE($AH$2:$AH$5))} -> 17.492104 | AA17: =Y17-Y16 -> 0.04862569
A18: 46038 | B18: 13.812 | C18: 13.204 | D18: 13.512 | E18: 13.729 | F18: 0.055131 | G18: =NETWORKDAYS($A18,B$4,Feriados!$A$2:$A$1265) -> 239 | H18: =NETWORKDAYS($A18,C$4,Feriados!$A$2:$A$1265) -> 490 | I18: =NETWORKDAYS($A18,D$4,Feriados!$A$2:$A$1265) -> 1239 | J18: =NETWORKDAYS($A18,E$4,Feriados!$A$2:$A$1265) -> 2242 | K18: =100000/((1+B18/100)^(G18/252)) -> 88452.586 | L18: =100000/((1+C18/100)^(H18/252)) -> 78572.175 | M18: =100000/((1+D18/100)^(I18/252)) -> 53626.313 | N18: =100000/((1+E18/100)^(J18/252)) -> 31836.367 | O18: =(-(G18/252)*K18/(1+B18/100))/10000 -> -7.3708885 | P18: =(-(H18/252)*L18/(1+C18/100))/10000 -> -13.495921 | Q18: =(-(I18/252)*M18/(1+D18/100))/10000 -> -23.227738 | R18: =(-(J18/252)*N18/(1+E18/100))/10000 -> -24.905046 | S18: =K18-K17*(1+$F17/100) -> -47.033481 | T18: =L18-L17*(1+$F17/100) -> -163.11197 | U18: =M18-M17*(1+$F17/100) -> -329.24455 | V18: =N18-N17*(1+$F17/100) -> -362.36076 | W18: =100*((((1+C18/100)^(H18/252))/((1+B18/100)^(G18/252)))^(252/(H18-G18))-1) -> 12.628087 | X18: =100*((((1+E18/100)^(J18/252))/((1+D18/100)^(I18/252)))^(252/(J18-I18))-1) -> 13.997632 | Y18: =W18-X18 -> -1.3695448 | Z18: {=SUMPRODUCT(S18:V18,TRANSPOSE($AH$2:$AH$5))} -> 9.9840876 | AA18: =Y18-Y17 -> 0.025504161
A19: 46041 | B19: 13.762 | C19: 13.14 | D19: 13.484 | E19: 13.708 | F19: 0.055131 | G19: =NETWORKDAYS($A19,B$4,Feriados!$A$2:$A$1265) -> 238 | H19: =NETWORKDAYS($A19,C$4,Feriados!$A$2:$A$1265) -> 489 | I19: =NETWORKDAYS($A19,D$4,Feriados!$A$2:$A$1265) -> 1238 | J19: =NETWORKDAYS($A19,E$4,Feriados!$A$2:$A$1265) -> 2241 | K19: =100000/((1+B19/100)^(G19/252)) -> 88534.744 | L19: =100000/((1+C19/100)^(H19/252)) -> 78697.165 | M19: =100000/((1+D19/100)^(I19/252)) -> 53718.355 | N19: =100000/((1+E19/100)^(J19/252)) -> 31904.976 | O19: =(-(G19/252)*K19/(1+B19/100))/10000 -> -7.3500947 | P19: =(-(H19/252)*L19/(1+C19/100))/10000 -> -13.497435 | Q19: =(-(I19/252)*M19/(1+D19/100))/10000 -> -23.254563 | R19: =(-(J19/252)*N19/(1+E19/100))/10000 -> -24.952193 | S19: =K19-K18*(1+$F18/100) -> 33.393542 | T19: =L19-L18*(1+$F18/100) -> 81.672828 | U19: =M19-M18*(1+$F18/100) -> 62.477652 | V19: =N19-N18*(1+$F18/100) -> 51.056959 | W19: =100*((((1+C19/100)^(H19/252))/((1+B19/100)^(G19/252)))^(252/(H19-G19))-1) -> 12.553357 | X19: =100*((((1+E19/100)^(J19/252))/((1+D19/100)^(I19/252)))^(252/(J19-I19))-1) -> 13.985092 | Y19: =W19-X19 -> -1.4317357 | Z19: {=SUMPRODUCT(S19:V19,TRANSPOSE($AH$2:$AH$5))} -> -22.352908 | AA19: =Y19-Y18 -> -0.062190855
... A63: 46101 | B63: 14.42 | C63: 14.175 | D63: 14.145 | E63: 14.07 | F63: 0.054266 | G63: =NETWORKDAYS($A63,B$4,Feriados!$A$2:$A$1265) -> 196 | H63: =NETWORKDAYS($A63,C$4,Feriados!$A$2:$A$1265) -> 447 | I63: =NETWORKDAYS($A63,D$4,Feriados!$A$2:$A$1265) -> 1196 | J63: =NETWORKDAYS($A63,E$4,Feriados!$A$2:$A$1265) -> 2199 | K63: =100000/((1+B63/100)^(G63/252)) -> 90053.063 | L63: =100000/((1+C63/100)^(H63/252)) -> 79046.014 | M63: =100000/((1+D63/100)^(I63/252)) -> 53371.298 | N63: =100000/((1+E63/100)^(J63/252)) -> 31703.785 | O63: =(-(G63/252)*K63/(1+B63/100))/10000 -> -6.1214186 | P63: =(-(H63/252)*L63/(1+C63/100))/10000 -> -12.280497 | Q63: =(-(I63/252)*M63/(1+D63/100))/10000 -> -22.191237 | R63: =(-(J63/252)*N63/(1+E63/100))/10000 -> -24.252938 | S63: =K63-K62*(1+$F62/100) -> -249.45175 | T63: =L63-L62*(1+$F62/100) -> -735.22766 | U63: =M63-M62*(1+$F62/100) -> -850.79655 | V63: =N63-N62*(1+$F62/100) -> -616.24731 | W63: =100*((((1+C63/100)^(H63/252))/((1+B63/100)^(G63/252)))^(252/(H63-G63))-1) -> 13.98405 | X63: =100*((((1+E63/100)^(J63/252))/((1+D63/100)^(I63/252)))^(252/(J63-I63))-1) -> 13.980633 | Y63: =W63-X63 -> 0.0034173759 | Z63: {=SUMPRODUCT(S63:V63,TRANSPOSE($AH$2:$AH$5))} -> 229.98389 | AA63: =Y63-Y62 -> 0.64217299
